"Status","Start Time","Stop Time","Duration in ms","Parent Suite","Suite","Sub Suite","Test Class","Test Method","Name","Description"
"passed","Tue Jun 27 16:03:53 CST 2023","Tue Jun 27 16:03:59 CST 2023","5419","","","","","","testlogin[1234567807-123456]",""
"passed","Tue Jun 27 15:44:11 CST 2023","Tue Jun 27 15:44:21 CST 2023","9847","","","","","","testlogin[1234567807-123456]",""
"passed","Tue Jun 27 17:53:55 CST 2023","Tue Jun 27 17:54:14 CST 2023","18507","testcases","TestLogin","TestLogin","","","testlogin[1234567807-123456]",""
"passed","Tue Jun 27 16:02:16 CST 2023","Tue Jun 27 16:03:14 CST 2023","58102","","","","","","testlogin[1234567807-123456]",""
"passed","Tue Jun 27 10:50:34 CST 2023","Tue Jun 27 10:50:52 CST 2023","18149","","TestLogin","TestLogin","","","testlogin[1234567808-123456]",""
"passed","Tue Jun 27 16:08:46 CST 2023","Tue Jun 27 16:10:26 CST 2023","100724","","","","","","testlogin[1234567807-123456]",""
"passed","Tue Jun 27 17:42:43 CST 2023","Tue Jun 27 17:42:55 CST 2023","12281","","","","","","testlogin[1234567808-123456]",""
"passed","Tue Jun 27 16:11:52 CST 2023","Tue Jun 27 16:18:58 CST 2023","425526","","","","","","testlogin[1234567808-123456]",""
"passed","Tue Jun 27 17:54:40 CST 2023","Tue Jun 27 17:54:59 CST 2023","19017","testcases","TestLogin","TestLogin","","","testlogin[1234567808-123456]",""
"passed","Tue Jun 27 10:49:50 CST 2023","Tue Jun 27 10:50:16 CST 2023","26156","","TestLogin","TestLogin","","","testlogin[1234567807-123456]",""
